name,Model_Name,Dataflow,Reduction_Type,Total_Latency,VDP Latency,FPS,Total_Dynamic_Energy,Total_Static_Power,Total_Power,Total_Area,fps_per_W,Config,Reduction_Latency,Reduction_Energy,Adder Reduction Latency,Adder Reduction Energy,Output_Access_Latency,Output_Access_Energy,Input_Access_Latency,Input_Access_Energy,Weight_Access_Latency,Weight_Access_Energy,Reduction_Network_Latency
AMM,GoogLeNet,IS,S_Tree,2.812129111,4.041113076,0.355602449,0.478256675,1472.924211,1473.09428,12471.86477,0.000241398,"[{'element_size': 31, 'element_count': 31, 'units_count': 98, 'reconfig': [], 'vdp_type': 'AMM', 'name': 'AMM', 'accelerator_type': 'DIGITAL', 'precision': 1, 'bitrate': 1, 'batch_size': 1, 'dataflow': 'IS', 'reduction_type': 'S_Tree'}]",148907710.6,255474.1353,0.030116317,864.0009874,887.808,98.304,26.877,2.976,887.808,98.304,0.030116317
AMM,ResNet50,IS,S_Tree,7.624228065,10.61949389,0.131160819,1.648742301,1472.924211,1473.140461,12471.86477,8.90348E-05,"[{'element_size': 31, 'element_count': 31, 'units_count': 98, 'reconfig': [], 'vdp_type': 'AMM', 'name': 'AMM', 'accelerator_type': 'DIGITAL', 'precision': 1, 'bitrate': 1, 'batch_size': 1, 'dataflow': 'IS', 'reduction_type': 'S_Tree'}]",387335131.5,646105.9633,0.08759611,2513.027292,1775.616,196.608,26.877,2.976,1775.616,196.608,0.08759611
AMM,ShuffleNet_V2,IS,S_Tree,14.85786693,11.60292734,0.067304412,1.923319382,1472.924211,1473.053658,12471.86477,4.56904E-05,"[{'element_size': 31, 'element_count': 31, 'units_count': 98, 'reconfig': [], 'vdp_type': 'AMM', 'name': 'AMM', 'accelerator_type': 'DIGITAL', 'precision': 1, 'bitrate': 1, 'batch_size': 1, 'dataflow': 'IS', 'reduction_type': 'S_Tree'}]",422049367.8,698798.7375,0.098436312,2824.019659,887.808,98.304,26.877,2.976,887.808,98.304,0.098436312
AMM,MobileNet_V2,IS,S_Tree,21.94972077,12.02413012,0.045558666,2.035607713,1472.924211,1473.01695,12471.86477,3.09288E-05,"[{'element_size': 31, 'element_count': 31, 'units_count': 98, 'reconfig': [], 'vdp_type': 'AMM', 'name': 'AMM', 'accelerator_type': 'DIGITAL', 'precision': 1, 'bitrate': 1, 'batch_size': 1, 'dataflow': 'IS', 'reduction_type': 'S_Tree'}]",437415604.2,724782.5857,0.102862584,2951.004087,1109.76,122.88,26.877,2.976,1109.76,122.88,0.102862584
AMM,GoogLeNet,WS,S_Tree,0.019834216,0.004037076,50.41792377,0.488847013,1472.924211,1497.570862,12471.86477,0.03366647,"[{'element_size': 31, 'element_count': 31, 'units_count': 98, 'reconfig': [], 'vdp_type': 'AMM', 'name': 'AMM', 'accelerator_type': 'DIGITAL', 'precision': 1, 'bitrate': 1, 'batch_size': 1, 'dataflow': 'WS', 'reduction_type': 'S_Tree'}]",675976463.2,3582140.818,0.030116317,864.0009874,887.808,98.304,887.808,98.304,27522.048,3047.424,0.030116317
AMM,ResNet50,WS,S_Tree,0.056361827,0.010608885,17.74250501,1.679547118,1472.924211,1502.723584,12471.86477,0.011806899,"[{'element_size': 31, 'element_count': 31, 'units_count': 98, 'reconfig': [], 'vdp_type': 'AMM', 'name': 'AMM', 'accelerator_type': 'DIGITAL', 'precision': 1, 'bitrate': 1, 'batch_size': 1, 'dataflow': 'WS', 'reduction_type': 'S_Tree'}]",1817454919,9672503.043,0.08759611,2513.027292,1775.616,196.608,1775.616,196.608,55044.096,6094.848,0.08759611
AMM,ShuffleNet_V2,WS,S_Tree,0.117485337,0.011591336,8.511700453,1.957936649,1472.924211,1489.589581,12471.86477,0.005714125,"[{'element_size': 31, 'element_count': 31, 'units_count': 98, 'reconfig': [], 'vdp_type': 'AMM', 'name': 'AMM', 'accelerator_type': 'DIGITAL', 'precision': 1, 'bitrate': 1, 'batch_size': 1, 'dataflow': 'WS', 'reduction_type': 'S_Tree'}]",1933293570,10237223.68,0.098436312,2824.019659,887.808,98.304,887.808,98.304,27522.048,3047.424,0.098436312
AMM,MobileNet_V2,WS,S_Tree,0.178389174,0.012012118,5.605721341,2.071781311,1472.924211,1484.538039,12471.86477,0.003776071,"[{'element_size': 31, 'element_count': 31, 'units_count': 98, 'reconfig': [], 'vdp_type': 'AMM', 'name': 'AMM', 'accelerator_type': 'DIGITAL', 'precision': 1, 'bitrate': 1, 'batch_size': 1, 'dataflow': 'WS', 'reduction_type': 'S_Tree'}]",1975528542,10432793.24,0.102862584,2951.004087,1109.76,122.88,1109.76,122.88,34402.56,3809.28,0.102862584
AMM,GoogLeNet,OS,S_Tree,2.812129111,4.041113076,0.355602449,0.479230045,1472.924211,1473.094626,12471.86477,0.000241398,"[{'element_size': 31, 'element_count': 31, 'units_count': 98, 'reconfig': [], 'vdp_type': 'AMM', 'name': 'AMM', 'accelerator_type': 'DIGITAL', 'precision': 1, 'bitrate': 1, 'batch_size': 1, 'dataflow': 'OS', 'reduction_type': 'S_Tree'}]",474649914.5,2311440.709,0.030116317,864.0009874,887.808,98.304,887.808,98.304,887.808,98.304,0.030116317
AMM,ResNet50,OS,S_Tree,7.624228065,10.61949389,0.131160819,1.651283009,1472.924211,1473.140794,12471.86477,8.90348E-05,"[{'element_size': 31, 'element_count': 31, 'units_count': 98, 'reconfig': [], 'vdp_type': 'AMM', 'name': 'AMM', 'accelerator_type': 'DIGITAL', 'precision': 1, 'bitrate': 1, 'batch_size': 1, 'dataflow': 'OS', 'reduction_type': 'S_Tree'}]",1030004485,4702401.682,0.08759611,2513.027292,1775.616,196.608,1775.616,196.608,1775.616,196.608,0.08759611
AMM,ShuffleNet_V2,OS,S_Tree,14.85786693,11.60292734,0.067304412,1.926081919,1472.924211,1473.053844,12471.86477,4.56904E-05,"[{'element_size': 31, 'element_count': 31, 'units_count': 98, 'reconfig': [], 'vdp_type': 'AMM', 'name': 'AMM', 'accelerator_type': 'DIGITAL', 'precision': 1, 'bitrate': 1, 'batch_size': 1, 'dataflow': 'OS', 'reduction_type': 'S_Tree'}]",1075911951,4825742.063,0.098436312,2824.019659,887.808,98.304,887.808,98.304,887.808,98.304,0.098436312
AMM,MobileNet_V2,OS,S_Tree,21.94972077,12.02413012,0.045558666,2.038464675,1472.924211,1473.01708,12471.86477,3.09288E-05,"[{'element_size': 31, 'element_count': 31, 'units_count': 98, 'reconfig': [], 'vdp_type': 'AMM', 'name': 'AMM', 'accelerator_type': 'DIGITAL', 'precision': 1, 'bitrate': 1, 'batch_size': 1, 'dataflow': 'OS', 'reduction_type': 'S_Tree'}]",1108186814,4958447.027,0.102862584,2951.004087,1109.76,122.88,1109.76,122.88,1109.76,122.88,0.102862584
AMM,GoogLeNet,IS,ST_Tree_Ac,2.812126307,4.041113076,0.355602804,0.478256405,1472.924211,1473.09428,12471.86478,0.000241399,"[{'element_size': 31, 'element_count': 31, 'units_count': 98, 'reconfig': [], 'vdp_type': 'AMM', 'name': 'AMM', 'accelerator_type': 'DIGITAL', 'precision': 1, 'bitrate': 1, 'batch_size': 1, 'dataflow': 'IS', 'reduction_type': 'ST_Tree_Ac'}]",148907710.6,255474.1353,0.020000467,594.0398712,887.808,98.304,26.877,2.976,887.808,98.304,0.020000467
AMM,ResNet50,IS,ST_Tree_Ac,7.624222838,10.61949389,0.131160909,1.648741349,1472.924211,1473.140461,12471.86478,8.90349E-05,"[{'element_size': 31, 'element_count': 31, 'units_count': 98, 'reconfig': [], 'vdp_type': 'AMM', 'name': 'AMM', 'accelerator_type': 'DIGITAL', 'precision': 1, 'bitrate': 1, 'batch_size': 1, 'dataflow': 'IS', 'reduction_type': 'ST_Tree_Ac'}]",387335131.5,646105.9633,0.052558499,1561.055744,1775.616,196.608,26.877,2.976,1775.616,196.608,0.052558499
AMM,ShuffleNet_V2,IS,ST_Tree_Ac,14.85785933,11.60292734,0.067304447,1.923318264,1472.924211,1473.053658,12471.86478,4.56904E-05,"[{'element_size': 31, 'element_count': 31, 'units_count': 98, 'reconfig': [], 'vdp_type': 'AMM', 'name': 'AMM', 'accelerator_type': 'DIGITAL', 'precision': 1, 'bitrate': 1, 'batch_size': 1, 'dataflow': 'IS', 'reduction_type': 'ST_Tree_Ac'}]",422049367.8,698798.7375,0.057425754,1705.619549,887.808,98.304,26.877,2.976,887.808,98.304,0.057425754
AMM,MobileNet_V2,IS,ST_Tree_Ac,21.94971087,12.02413012,0.045558687,2.035606529,1472.924211,1473.01695,12471.86478,3.09288E-05,"[{'element_size': 31, 'element_count': 31, 'units_count': 98, 'reconfig': [], 'vdp_type': 'AMM', 'name': 'AMM', 'accelerator_type': 'DIGITAL', 'precision': 1, 'bitrate': 1, 'batch_size': 1, 'dataflow': 'IS', 'reduction_type': 'ST_Tree_Ac'}]",437415604.2,724782.5857,0.059510391,1767.535967,1109.76,122.88,26.877,2.976,1109.76,122.88,0.059510391
AMM,GoogLeNet,WS,ST_Tree_Ac,0.016130681,0.004037076,61.99366192,0.491326375,1472.924211,1503.383332,12471.86478,0.041236098,"[{'element_size': 31, 'element_count': 31, 'units_count': 98, 'reconfig': [], 'vdp_type': 'AMM', 'name': 'AMM', 'accelerator_type': 'DIGITAL', 'precision': 1, 'bitrate': 1, 'batch_size': 1, 'dataflow': 'WS', 'reduction_type': 'ST_Tree_Ac'}]",675976463.2,3582140.818,0.020000467,594.0398712,887.808,98.304,887.808,98.304,27522.048,3047.424,0.020000467
AMM,ResNet50,WS,ST_Tree_Ac,0.043126045,0.010608885,23.18784396,1.683086545,1472.924211,1511.951359,12471.86478,0.015336369,"[{'element_size': 31, 'element_count': 31, 'units_count': 98, 'reconfig': [], 'vdp_type': 'AMM', 'name': 'AMM', 'accelerator_type': 'DIGITAL', 'precision': 1, 'bitrate': 1, 'batch_size': 1, 'dataflow': 'WS', 'reduction_type': 'ST_Tree_Ac'}]",1817454919,9672503.043,0.052558499,1561.055744,1775.616,196.608,1775.616,196.608,55044.096,6094.848,0.052558499
AMM,ShuffleNet_V2,WS,ST_Tree_Ac,0.082292655,0.011591336,12.15175278,1.96084351,1472.924211,1496.751896,12471.86478,0.008118749,"[{'element_size': 31, 'element_count': 31, 'units_count': 98, 'reconfig': [], 'vdp_type': 'AMM', 'name': 'AMM', 'accelerator_type': 'DIGITAL', 'precision': 1, 'bitrate': 1, 'batch_size': 1, 'dataflow': 'WS', 'reduction_type': 'ST_Tree_Ac'}]",1933293570,10237223.68,0.057425754,1705.619549,887.808,98.304,887.808,98.304,27522.048,3047.424,0.057425754
AMM,MobileNet_V2,WS,ST_Tree_Ac,0.120483928,0.012012118,8.299862186,2.074493477,1472.924211,1490.142221,12471.86478,0.005569846,"[{'element_size': 31, 'element_count': 31, 'units_count': 98, 'reconfig': [], 'vdp_type': 'AMM', 'name': 'AMM', 'accelerator_type': 'DIGITAL', 'precision': 1, 'bitrate': 1, 'batch_size': 1, 'dataflow': 'WS', 'reduction_type': 'ST_Tree_Ac'}]",1975528542,10432793.24,0.059510391,1767.535967,1109.76,122.88,1109.76,122.88,34402.56,3809.28,0.059510391
AMM,GoogLeNet,OS,ST_Tree_Ac,2.812126307,4.041113076,0.355602804,0.479229775,1472.924211,1473.094626,12471.86478,0.000241398,"[{'element_size': 31, 'element_count': 31, 'units_count': 98, 'reconfig': [], 'vdp_type': 'AMM', 'name': 'AMM', 'accelerator_type': 'DIGITAL', 'precision': 1, 'bitrate': 1, 'batch_size': 1, 'dataflow': 'OS', 'reduction_type': 'ST_Tree_Ac'}]",474649914.5,2311440.709,0.020000467,594.0398712,887.808,98.304,887.808,98.304,887.808,98.304,0.020000467
AMM,ResNet50,OS,ST_Tree_Ac,7.624222838,10.61949389,0.131160909,1.651282057,1472.924211,1473.140794,12471.86478,8.90349E-05,"[{'element_size': 31, 'element_count': 31, 'units_count': 98, 'reconfig': [], 'vdp_type': 'AMM', 'name': 'AMM', 'accelerator_type': 'DIGITAL', 'precision': 1, 'bitrate': 1, 'batch_size': 1, 'dataflow': 'OS', 'reduction_type': 'ST_Tree_Ac'}]",1030004485,4702401.682,0.052558499,1561.055744,1775.616,196.608,1775.616,196.608,1775.616,196.608,0.052558499
AMM,ShuffleNet_V2,OS,ST_Tree_Ac,14.85785933,11.60292734,0.067304447,1.926080801,1472.924211,1473.053844,12471.86478,4.56904E-05,"[{'element_size': 31, 'element_count': 31, 'units_count': 98, 'reconfig': [], 'vdp_type': 'AMM', 'name': 'AMM', 'accelerator_type': 'DIGITAL', 'precision': 1, 'bitrate': 1, 'batch_size': 1, 'dataflow': 'OS', 'reduction_type': 'ST_Tree_Ac'}]",1075911951,4825742.063,0.057425754,1705.619549,887.808,98.304,887.808,98.304,887.808,98.304,0.057425754
AMM,MobileNet_V2,OS,ST_Tree_Ac,21.94971087,12.02413012,0.045558687,2.038463492,1472.924211,1473.01708,12471.86478,3.09288E-05,"[{'element_size': 31, 'element_count': 31, 'units_count': 98, 'reconfig': [], 'vdp_type': 'AMM', 'name': 'AMM', 'accelerator_type': 'DIGITAL', 'precision': 1, 'bitrate': 1, 'batch_size': 1, 'dataflow': 'OS', 'reduction_type': 'ST_Tree_Ac'}]",1108186814,4958447.027,0.059510391,1767.535967,1109.76,122.88,1109.76,122.88,1109.76,122.88,0.059510391
AMM,GoogLeNet,IS,STIFT,2.812126307,4.041113076,0.355602804,0.478256405,1472.924211,1473.09428,12471.86477,0.000241399,"[{'element_size': 31, 'element_count': 31, 'units_count': 98, 'reconfig': [], 'vdp_type': 'AMM', 'name': 'AMM', 'accelerator_type': 'DIGITAL', 'precision': 1, 'bitrate': 1, 'batch_size': 1, 'dataflow': 'IS', 'reduction_type': 'STIFT'}]",148907710.6,255474.1353,0.020000467,594.0398712,887.808,98.304,26.877,2.976,887.808,98.304,0.020000467
AMM,ResNet50,IS,STIFT,7.624222838,10.61949389,0.131160909,1.648741349,1472.924211,1473.140461,12471.86477,8.90349E-05,"[{'element_size': 31, 'element_count': 31, 'units_count': 98, 'reconfig': [], 'vdp_type': 'AMM', 'name': 'AMM', 'accelerator_type': 'DIGITAL', 'precision': 1, 'bitrate': 1, 'batch_size': 1, 'dataflow': 'IS', 'reduction_type': 'STIFT'}]",387335131.5,646105.9633,0.052558499,1561.055744,1775.616,196.608,26.877,2.976,1775.616,196.608,0.052558499
AMM,ShuffleNet_V2,IS,STIFT,14.85785933,11.60292734,0.067304447,1.923318264,1472.924211,1473.053658,12471.86477,4.56904E-05,"[{'element_size': 31, 'element_count': 31, 'units_count': 98, 'reconfig': [], 'vdp_type': 'AMM', 'name': 'AMM', 'accelerator_type': 'DIGITAL', 'precision': 1, 'bitrate': 1, 'batch_size': 1, 'dataflow': 'IS', 'reduction_type': 'STIFT'}]",422049367.8,698798.7375,0.057425754,1705.619549,887.808,98.304,26.877,2.976,887.808,98.304,0.057425754
AMM,MobileNet_V2,IS,STIFT,21.94971087,12.02413012,0.045558687,2.035606529,1472.924211,1473.01695,12471.86477,3.09288E-05,"[{'element_size': 31, 'element_count': 31, 'units_count': 98, 'reconfig': [], 'vdp_type': 'AMM', 'name': 'AMM', 'accelerator_type': 'DIGITAL', 'precision': 1, 'bitrate': 1, 'batch_size': 1, 'dataflow': 'IS', 'reduction_type': 'STIFT'}]",437415604.2,724782.5857,0.059510391,1767.535967,1109.76,122.88,26.877,2.976,1109.76,122.88,0.059510391
AMM,GoogLeNet,WS,STIFT,0.016130681,0.004037076,61.99366192,0.488826317,1472.924211,1503.228344,12471.86477,0.041240349,"[{'element_size': 31, 'element_count': 31, 'units_count': 98, 'reconfig': [], 'vdp_type': 'AMM', 'name': 'AMM', 'accelerator_type': 'DIGITAL', 'precision': 1, 'bitrate': 1, 'batch_size': 1, 'dataflow': 'WS', 'reduction_type': 'STIFT'}]",675976463.2,3582140.818,0.020000467,594.0398712,887.808,98.304,887.808,98.304,27522.048,3047.424,0.020000467
AMM,ResNet50,WS,STIFT,0.043126045,0.010608885,23.18784396,1.676516733,1472.924211,1511.799019,12471.86477,0.015337914,"[{'element_size': 31, 'element_count': 31, 'units_count': 98, 'reconfig': [], 'vdp_type': 'AMM', 'name': 'AMM', 'accelerator_type': 'DIGITAL', 'precision': 1, 'bitrate': 1, 'batch_size': 1, 'dataflow': 'WS', 'reduction_type': 'STIFT'}]",1817454919,9672503.043,0.052558499,1561.055744,1775.616,196.608,1775.616,196.608,55044.096,6094.848,0.052558499
AMM,ShuffleNet_V2,WS,STIFT,0.082292655,0.011591336,12.15175278,1.953665291,1472.924211,1496.664668,12471.86477,0.008119222,"[{'element_size': 31, 'element_count': 31, 'units_count': 98, 'reconfig': [], 'vdp_type': 'AMM', 'name': 'AMM', 'accelerator_type': 'DIGITAL', 'precision': 1, 'bitrate': 1, 'batch_size': 1, 'dataflow': 'WS', 'reduction_type': 'STIFT'}]",1933293570,10237223.68,0.057425754,1705.619549,887.808,98.304,887.808,98.304,27522.048,3047.424,0.057425754
AMM,MobileNet_V2,WS,STIFT,0.120483928,0.012012118,8.299862186,2.067054679,1472.924211,1490.08048,12471.86477,0.005570076,"[{'element_size': 31, 'element_count': 31, 'units_count': 98, 'reconfig': [], 'vdp_type': 'AMM', 'name': 'AMM', 'accelerator_type': 'DIGITAL', 'precision': 1, 'bitrate': 1, 'batch_size': 1, 'dataflow': 'WS', 'reduction_type': 'STIFT'}]",1975528542,10432793.24,0.059510391,1767.535967,1109.76,122.88,1109.76,122.88,34402.56,3809.28,0.059510391
AMM,GoogLeNet,OS,STIFT,2.812126307,4.041113076,0.355602804,0.479229775,1472.924211,1473.094626,12471.86477,0.000241398,"[{'element_size': 31, 'element_count': 31, 'units_count': 98, 'reconfig': [], 'vdp_type': 'AMM', 'name': 'AMM', 'accelerator_type': 'DIGITAL', 'precision': 1, 'bitrate': 1, 'batch_size': 1, 'dataflow': 'OS', 'reduction_type': 'STIFT'}]",474649914.5,2311440.709,0.020000467,594.0398712,887.808,98.304,887.808,98.304,887.808,98.304,0.020000467
AMM,ResNet50,OS,STIFT,7.624222838,10.61949389,0.131160909,1.651282057,1472.924211,1473.140794,12471.86477,8.90349E-05,"[{'element_size': 31, 'element_count': 31, 'units_count': 98, 'reconfig': [], 'vdp_type': 'AMM', 'name': 'AMM', 'accelerator_type': 'DIGITAL', 'precision': 1, 'bitrate': 1, 'batch_size': 1, 'dataflow': 'OS', 'reduction_type': 'STIFT'}]",1030004485,4702401.682,0.052558499,1561.055744,1775.616,196.608,1775.616,196.608,1775.616,196.608,0.052558499
AMM,ShuffleNet_V2,OS,STIFT,14.85785933,11.60292734,0.067304447,1.926080801,1472.924211,1473.053844,12471.86477,4.56904E-05,"[{'element_size': 31, 'element_count': 31, 'units_count': 98, 'reconfig': [], 'vdp_type': 'AMM', 'name': 'AMM', 'accelerator_type': 'DIGITAL', 'precision': 1, 'bitrate': 1, 'batch_size': 1, 'dataflow': 'OS', 'reduction_type': 'STIFT'}]",1075911951,4825742.063,0.057425754,1705.619549,887.808,98.304,887.808,98.304,887.808,98.304,0.057425754
AMM,MobileNet_V2,OS,STIFT,21.94971087,12.02413012,0.045558687,2.038463492,1472.924211,1473.01708,12471.86477,3.09288E-05,"[{'element_size': 31, 'element_count': 31, 'units_count': 98, 'reconfig': [], 'vdp_type': 'AMM', 'name': 'AMM', 'accelerator_type': 'DIGITAL', 'precision': 1, 'bitrate': 1, 'batch_size': 1, 'dataflow': 'OS', 'reduction_type': 'STIFT'}]",1108186814,4958447.027,0.059510391,1767.535967,1109.76,122.88,1109.76,122.88,1109.76,122.88,0.059510391
AMM,GoogLeNet,IS,PCA,2.724622435,4.037479708,0.36702333,0.478255805,1472.924211,1473.099742,12471.86475,0.00024915,"[{'element_size': 31, 'element_count': 31, 'units_count': 98, 'reconfig': [], 'vdp_type': 'AMM', 'name': 'AMM', 'accelerator_type': 'DIGITAL', 'precision': 1, 'bitrate': 10, 'batch_size': 1, 'dataflow': 'IS', 'reduction_type': 'PCA'}]",0,0,0,0,887.808,98.304,26.877,2.976,887.808,98.304,0
AMM,ResNet50,IS,PCA,7.347287655,10.60994589,0.136104648,1.648739773,1472.924211,1473.148612,12471.86475,9.23903E-05,"[{'element_size': 31, 'element_count': 31, 'units_count': 98, 'reconfig': [], 'vdp_type': 'AMM', 'name': 'AMM', 'accelerator_type': 'DIGITAL', 'precision': 1, 'bitrate': 10, 'batch_size': 1, 'dataflow': 'IS', 'reduction_type': 'PCA'}]",0,0,0,0,1775.616,196.608,26.877,2.976,1775.616,196.608,0
AMM,ShuffleNet_V2,IS,PCA,14.25864172,11.59249513,0.070132907,1.923316542,1472.924211,1473.059098,12471.86475,4.76104E-05,"[{'element_size': 31, 'element_count': 31, 'units_count': 98, 'reconfig': [], 'vdp_type': 'AMM', 'name': 'AMM', 'accelerator_type': 'DIGITAL', 'precision': 1, 'bitrate': 10, 'batch_size': 1, 'dataflow': 'IS', 'reduction_type': 'PCA'}]",0,0,0,0,887.808,98.304,26.877,2.976,887.808,98.304,0
AMM,MobileNet_V2,IS,PCA,21.03555034,12.01331921,0.047538571,2.035604744,1472.924211,1473.02098,12471.86475,3.22728E-05,"[{'element_size': 31, 'element_count': 31, 'units_count': 98, 'reconfig': [], 'vdp_type': 'AMM', 'name': 'AMM', 'accelerator_type': 'DIGITAL', 'precision': 1, 'bitrate': 10, 'batch_size': 1, 'dataflow': 'IS', 'reduction_type': 'PCA'}]",0,0,0,0,1109.76,122.88,26.877,2.976,1109.76,122.88,0
AMM,GoogLeNet,WS,PCA,0.000276449,0.000403708,3617.306351,0.478246064,1472.924211,3202.886735,12471.86475,1.129389407,"[{'element_size': 31, 'element_count': 31, 'units_count': 98, 'reconfig': [], 'vdp_type': 'AMM', 'name': 'AMM', 'accelerator_type': 'DIGITAL', 'precision': 1, 'bitrate': 10, 'batch_size': 1, 'dataflow': 'WS', 'reduction_type': 'PCA'}]",0,0,0,0,887.808,98.304,887.808,98.304,27522.048,3047.424,0
AMM,ResNet50,WS,PCA,0.000735305,0.001060889,1359.979502,1.648713271,1472.924211,3715.140465,12471.86475,0.366064087,"[{'element_size': 31, 'element_count': 31, 'units_count': 98, 'reconfig': [], 'vdp_type': 'AMM', 'name': 'AMM', 'accelerator_type': 'DIGITAL', 'precision': 1, 'bitrate': 10, 'batch_size': 1, 'dataflow': 'WS', 'reduction_type': 'PCA'}]",0,0,0,0,1775.616,196.608,1775.616,196.608,55044.096,6094.848,0
AMM,ShuffleNet_V2,WS,PCA,0.001397919,0.001159134,715.3489272,1.92328705,1472.924211,2848.745539,12471.86475,0.251110153,"[{'element_size': 31, 'element_count': 31, 'units_count': 98, 'reconfig': [], 'vdp_type': 'AMM', 'name': 'AMM', 'accelerator_type': 'DIGITAL', 'precision': 1, 'bitrate': 10, 'batch_size': 1, 'dataflow': 'WS', 'reduction_type': 'PCA'}]",0,0,0,0,887.808,98.304,887.808,98.304,27522.048,3047.424,0
AMM,MobileNet_V2,WS,PCA,0.00204352,0.001201212,489.3517787,2.035573665,1472.924211,2469.035804,12471.86475,0.198195497,"[{'element_size': 31, 'element_count': 31, 'units_count': 98, 'reconfig': [], 'vdp_type': 'AMM', 'name': 'AMM', 'accelerator_type': 'DIGITAL', 'precision': 1, 'bitrate': 10, 'batch_size': 1, 'dataflow': 'WS', 'reduction_type': 'PCA'}]",0,0,0,0,1109.76,122.88,1109.76,122.88,34402.56,3809.28,0
AMM,GoogLeNet,OS,PCA,2.724622435,4.037479708,0.36702333,0.479229176,1472.924211,1473.100099,12471.86475,0.00024915,"[{'element_size': 31, 'element_count': 31, 'units_count': 98, 'reconfig': [], 'vdp_type': 'AMM', 'name': 'AMM', 'accelerator_type': 'DIGITAL', 'precision': 1, 'bitrate': 10, 'batch_size': 1, 'dataflow': 'OS', 'reduction_type': 'PCA'}]",0,0,0,0,887.808,98.304,887.808,98.304,887.808,98.304,0
AMM,ResNet50,OS,PCA,7.347287655,10.60994589,0.136104648,1.65128048,1472.924211,1473.148958,12471.86475,9.23903E-05,"[{'element_size': 31, 'element_count': 31, 'units_count': 98, 'reconfig': [], 'vdp_type': 'AMM', 'name': 'AMM', 'accelerator_type': 'DIGITAL', 'precision': 1, 'bitrate': 10, 'batch_size': 1, 'dataflow': 'OS', 'reduction_type': 'PCA'}]",0,0,0,0,1775.616,196.608,1775.616,196.608,1775.616,196.608,0
AMM,ShuffleNet_V2,OS,PCA,14.25864172,11.59249513,0.070132907,1.926079079,1472.924211,1473.059292,12471.86475,4.76104E-05,"[{'element_size': 31, 'element_count': 31, 'units_count': 98, 'reconfig': [], 'vdp_type': 'AMM', 'name': 'AMM', 'accelerator_type': 'DIGITAL', 'precision': 1, 'bitrate': 10, 'batch_size': 1, 'dataflow': 'OS', 'reduction_type': 'PCA'}]",0,0,0,0,887.808,98.304,887.808,98.304,887.808,98.304,0
AMM,MobileNet_V2,OS,PCA,21.03555034,12.01331921,0.047538571,2.038461707,1472.924211,1473.021116,12471.86475,3.22728E-05,"[{'element_size': 31, 'element_count': 31, 'units_count': 98, 'reconfig': [], 'vdp_type': 'AMM', 'name': 'AMM', 'accelerator_type': 'DIGITAL', 'precision': 1, 'bitrate': 10, 'batch_size': 1, 'dataflow': 'OS', 'reduction_type': 'PCA'}]",0,0,0,0,1109.76,122.88,1109.76,122.88,1109.76,122.88,0
MAM,GoogLeNet,IS,S_Tree,2.818272515,2.074488416,0.35482729,0.478035698,1350.874586,1351.044206,12510.68578,0.000262632,"[{'element_size': 44, 'element_count': 44, 'units_count': 50, 'reconfig': [], 'vdp_type': 'MAM', 'name': 'MAM', 'accelerator_type': 'DIGITAL', 'precision': 1, 'bitrate': 1, 'batch_size': 1, 'dataflow': 'IS', 'reduction_type': 'S_Tree'}]",108132914.6,183853.5294,0.019497101,559.3484199,887.808,98.304,38.148,4.224,887.808,98.304,0.019497101
MAM,ResNet50,IS,S_Tree,7.719264181,5.504868369,0.129546026,1.647997354,1350.874586,1351.088078,12510.68578,9.58827E-05,"[{'element_size': 44, 'element_count': 44, 'units_count': 50, 'reconfig': [], 'vdp_type': 'MAM', 'name': 'MAM', 'accelerator_type': 'DIGITAL', 'precision': 1, 'bitrate': 1, 'batch_size': 1, 'dataflow': 'IS', 'reduction_type': 'S_Tree'}]",284495567.3,472292.6195,0.058422006,1676.057259,1775.616,196.608,38.148,4.224,1775.616,196.608,0.058422006
MAM,ShuffleNet_V2,IS,S_Tree,15.30293455,6.038883851,0.065346944,1.922469506,1350.874586,1351.000214,12510.68578,4.83693E-05,"[{'element_size': 44, 'element_count': 44, 'units_count': 50, 'reconfig': [], 'vdp_type': 'MAM', 'name': 'MAM', 'accelerator_type': 'DIGITAL', 'precision': 1, 'bitrate': 1, 'batch_size': 1, 'dataflow': 'IS', 'reduction_type': 'S_Tree'}]",311302386,513318.1687,0.066184002,1898.73961,887.808,98.304,38.148,4.224,887.808,98.304,0.066184002
MAM,MobileNet_V2,IS,S_Tree,22.78115871,6.271248984,0.043895924,2.03472143,1350.874586,1350.963902,12510.68578,3.24923E-05,"[{'element_size': 44, 'element_count': 44, 'units_count': 50, 'reconfig': [], 'vdp_type': 'MAM', 'name': 'MAM', 'accelerator_type': 'DIGITAL', 'precision': 1, 'bitrate': 1, 'batch_size': 1, 'dataflow': 'IS', 'reduction_type': 'S_Tree'}]",323312049.8,533584.2672,0.06937459,1990.27374,1109.76,122.88,38.148,4.224,1109.76,122.88,0.06937459
MAM,GoogLeNet,WS,S_Tree,0.023069088,0.002072416,43.34805088,0.484894641,1350.874586,1371.893824,12510.68578,0.031597235,"[{'element_size': 44, 'element_count': 44, 'units_count': 50, 'reconfig': [], 'vdp_type': 'MAM', 'name': 'MAM', 'accelerator_type': 'DIGITAL', 'precision': 1, 'bitrate': 1, 'batch_size': 1, 'dataflow': 'WS', 'reduction_type': 'S_Tree'}]",500964809.1,2663265.881,0.019497101,559.3484199,887.808,98.304,887.808,98.304,39063.552,4325.376,0.019497101
MAM,ResNet50,WS,S_Tree,0.067259995,0.005499369,14.86767874,1.668549828,1350.874586,1375.682049,12510.68578,0.010807496,"[{'element_size': 44, 'element_count': 44, 'units_count': 50, 'reconfig': [], 'vdp_type': 'MAM', 'name': 'MAM', 'accelerator_type': 'DIGITAL', 'precision': 1, 'bitrate': 1, 'batch_size': 1, 'dataflow': 'WS', 'reduction_type': 'S_Tree'}]",1366545711,7301800.431,0.058422006,1676.057259,1775.616,196.608,1775.616,196.608,78127.104,8650.752,0.058422006
MAM,ShuffleNet_V2,WS,S_Tree,0.145216277,0.006032851,6.886280403,1.945752346,1350.874586,1364.273582,12510.68578,0.00504758,"[{'element_size': 44, 'element_count': 44, 'units_count': 50, 'reconfig': [], 'vdp_type': 'MAM', 'name': 'MAM', 'accelerator_type': 'DIGITAL', 'precision': 1, 'bitrate': 1, 'batch_size': 1, 'dataflow': 'WS', 'reduction_type': 'S_Tree'}]",1465126695,7795838.465,0.066184002,1898.73961,887.808,98.304,887.808,98.304,39063.552,4325.376,0.066184002
MAM,MobileNet_V2,WS,S_Tree,0.223526123,0.006264984,4.473750037,2.059126245,1350.874586,1360.086602,12510.68578,0.003289313,"[{'element_size': 44, 'element_count': 44, 'units_count': 50, 'reconfig': [], 'vdp_type': 'MAM', 'name': 'MAM', 'accelerator_type': 'DIGITAL', 'precision': 1, 'bitrate': 1, 'batch_size': 1, 'dataflow': 'WS', 'reduction_type': 'S_Tree'}]",1500984925,7966628.057,0.06937459,1990.27374,1109.76,122.88,1109.76,122.88,48829.44,5406.72,0.06937459
MAM,GoogLeNet,OS,S_Tree,2.818272515,2.074488416,0.35482729,0.479018177,1350.874586,1351.044555,12510.68578,0.000262632,"[{'element_size': 44, 'element_count': 44, 'units_count': 50, 'reconfig': [], 'vdp_type': 'MAM', 'name': 'MAM', 'accelerator_type': 'DIGITAL', 'precision': 1, 'bitrate': 1, 'batch_size': 1, 'dataflow': 'OS', 'reduction_type': 'S_Tree'}]",341624194.3,1657565.748,0.019497101,559.3484199,887.808,98.304,887.808,98.304,887.808,98.304,0.019497101
MAM,ResNet50,OS,S_Tree,7.719264181,5.504868369,0.129546026,1.65056139,1350.874586,1351.08841,12510.68578,9.58827E-05,"[{'element_size': 44, 'element_count': 44, 'units_count': 50, 'reconfig': [], 'vdp_type': 'MAM', 'name': 'MAM', 'accelerator_type': 'DIGITAL', 'precision': 1, 'bitrate': 1, 'batch_size': 1, 'dataflow': 'OS', 'reduction_type': 'S_Tree'}]",760657409.9,3477653.362,0.058422006,1676.057259,1775.616,196.608,1775.616,196.608,1775.616,196.608,0.058422006
MAM,ShuffleNet_V2,OS,S_Tree,15.30293455,6.038883851,0.065346944,1.925257217,1350.874586,1351.000396,12510.68578,4.83693E-05,"[{'element_size': 44, 'element_count': 44, 'units_count': 50, 'reconfig': [], 'vdp_type': 'MAM', 'name': 'MAM', 'accelerator_type': 'DIGITAL', 'precision': 1, 'bitrate': 1, 'batch_size': 1, 'dataflow': 'OS', 'reduction_type': 'S_Tree'}]",797399436.7,3581386.339,0.066184002,1898.73961,887.808,98.304,887.808,98.304,887.808,98.304,0.066184002
MAM,MobileNet_V2,OS,S_Tree,22.78115871,6.271248984,0.043895924,2.037604288,1350.874586,1350.964029,12510.68578,3.24923E-05,"[{'element_size': 44, 'element_count': 44, 'units_count': 50, 'reconfig': [], 'vdp_type': 'MAM', 'name': 'MAM', 'accelerator_type': 'DIGITAL', 'precision': 1, 'bitrate': 1, 'batch_size': 1, 'dataflow': 'OS', 'reduction_type': 'S_Tree'}]",823300496.5,3689329.888,0.06937459,1990.27374,1109.76,122.88,1109.76,122.88,1109.76,122.88,0.06937459
MAM,GoogLeNet,IS,ST_Tree_Ac,2.818269338,2.074488416,0.35482769,0.478035475,1350.874586,1351.044206,12510.68579,0.000262632,"[{'element_size': 44, 'element_count': 44, 'units_count': 50, 'reconfig': [], 'vdp_type': 'MAM', 'name': 'MAM', 'accelerator_type': 'DIGITAL', 'precision': 1, 'bitrate': 1, 'batch_size': 1, 'dataflow': 'IS', 'reduction_type': 'ST_Tree_Ac'}]",108132914.6,183853.5294,0.011314213,336.0468476,887.808,98.304,38.148,4.224,887.808,98.304,0.011314213
MAM,ResNet50,IS,ST_Tree_Ac,7.719258301,5.504868369,0.129546125,1.647996569,1350.874586,1351.088078,12510.68579,9.58828E-05,"[{'element_size': 44, 'element_count': 44, 'units_count': 50, 'reconfig': [], 'vdp_type': 'MAM', 'name': 'MAM', 'accelerator_type': 'DIGITAL', 'precision': 1, 'bitrate': 1, 'batch_size': 1, 'dataflow': 'IS', 'reduction_type': 'ST_Tree_Ac'}]",284495567.3,472292.6195,0.030023429,891.7348718,1775.616,196.608,38.148,4.224,1775.616,196.608,0.030023429
MAM,ShuffleNet_V2,IS,ST_Tree_Ac,15.30292602,6.038883851,0.06534698,1.922468585,1350.874586,1351.000214,12510.68579,4.83693E-05,"[{'element_size': 44, 'element_count': 44, 'units_count': 50, 'reconfig': [], 'vdp_type': 'MAM', 'name': 'MAM', 'accelerator_type': 'DIGITAL', 'precision': 1, 'bitrate': 1, 'batch_size': 1, 'dataflow': 'IS', 'reduction_type': 'ST_Tree_Ac'}]",311302386,513318.1687,0.032935937,978.2401605,887.808,98.304,38.148,4.224,887.808,98.304,0.032935937
MAM,MobileNet_V2,IS,ST_Tree_Ac,22.78114761,6.271248984,0.043895945,2.034720455,1350.874586,1350.963902,12510.68579,3.24923E-05,"[{'element_size': 44, 'element_count': 44, 'units_count': 50, 'reconfig': [], 'vdp_type': 'MAM', 'name': 'MAM', 'accelerator_type': 'DIGITAL', 'precision': 1, 'bitrate': 1, 'batch_size': 1, 'dataflow': 'IS', 'reduction_type': 'ST_Tree_Ac'}]",323312049.8,533584.2672,0.034203252,1015.881041,1109.76,122.88,38.148,4.224,1109.76,122.88,0.034203252
MAM,GoogLeNet,WS,ST_Tree_Ac,0.017335077,0.002072416,57.68650535,0.485431158,1350.874586,1378.877413,12510.68579,0.041835848,"[{'element_size': 44, 'element_count': 44, 'units_count': 50, 'reconfig': [], 'vdp_type': 'MAM', 'name': 'MAM', 'accelerator_type': 'DIGITAL', 'precision': 1, 'bitrate': 1, 'batch_size': 1, 'dataflow': 'WS', 'reduction_type': 'ST_Tree_Ac'}]",500964809.1,2663265.881,0.011314213,336.0468476,887.808,98.304,887.808,98.304,39063.552,4325.376,0.011314213
MAM,ResNet50,WS,ST_Tree_Ac,0.046644584,0.005499369,21.43871603,1.667620604,1350.874586,1386.626231,12510.68579,0.015461063,"[{'element_size': 44, 'element_count': 44, 'units_count': 50, 'reconfig': [], 'vdp_type': 'MAM', 'name': 'MAM', 'accelerator_type': 'DIGITAL', 'precision': 1, 'bitrate': 1, 'batch_size': 1, 'dataflow': 'WS', 'reduction_type': 'ST_Tree_Ac'}]",1366545711,7301800.431,0.030023429,891.7348718,1775.616,196.608,1775.616,196.608,78127.104,8650.752,0.030023429
MAM,ShuffleNet_V2,WS,ST_Tree_Ac,0.090059645,0.006032851,11.10375245,1.94399568,1350.874586,1372.460233,12510.68579,0.0080904,"[{'element_size': 44, 'element_count': 44, 'units_count': 50, 'reconfig': [], 'vdp_type': 'MAM', 'name': 'MAM', 'accelerator_type': 'DIGITAL', 'precision': 1, 'bitrate': 1, 'batch_size': 1, 'dataflow': 'WS', 'reduction_type': 'ST_Tree_Ac'}]",1465126695,7795838.465,0.032935937,978.2401605,887.808,98.304,887.808,98.304,39063.552,4325.376,0.032935937
MAM,MobileNet_V2,WS,ST_Tree_Ac,0.132585543,0.006264984,7.542300466,2.057075315,1350.874586,1366.389666,12510.68579,0.005519875,"[{'element_size': 44, 'element_count': 44, 'units_count': 50, 'reconfig': [], 'vdp_type': 'MAM', 'name': 'MAM', 'accelerator_type': 'DIGITAL', 'precision': 1, 'bitrate': 1, 'batch_size': 1, 'dataflow': 'WS', 'reduction_type': 'ST_Tree_Ac'}]",1500984925,7966628.057,0.034203252,1015.881041,1109.76,122.88,1109.76,122.88,48829.44,5406.72,0.034203252
MAM,GoogLeNet,OS,ST_Tree_Ac,2.818269338,2.074488416,0.35482769,0.479017954,1350.874586,1351.044555,12510.68579,0.000262632,"[{'element_size': 44, 'element_count': 44, 'units_count': 50, 'reconfig': [], 'vdp_type': 'MAM', 'name': 'MAM', 'accelerator_type': 'DIGITAL', 'precision': 1, 'bitrate': 1, 'batch_size': 1, 'dataflow': 'OS', 'reduction_type': 'ST_Tree_Ac'}]",341624194.3,1657565.748,0.011314213,336.0468476,887.808,98.304,887.808,98.304,887.808,98.304,0.011314213
MAM,ResNet50,OS,ST_Tree_Ac,7.719258301,5.504868369,0.129546125,1.650560605,1350.874586,1351.08841,12510.68579,9.58828E-05,"[{'element_size': 44, 'element_count': 44, 'units_count': 50, 'reconfig': [], 'vdp_type': 'MAM', 'name': 'MAM', 'accelerator_type': 'DIGITAL', 'precision': 1, 'bitrate': 1, 'batch_size': 1, 'dataflow': 'OS', 'reduction_type': 'ST_Tree_Ac'}]",760657409.9,3477653.362,0.030023429,891.7348718,1775.616,196.608,1775.616,196.608,1775.616,196.608,0.030023429
MAM,ShuffleNet_V2,OS,ST_Tree_Ac,15.30292602,6.038883851,0.06534698,1.925256296,1350.874586,1351.000396,12510.68579,4.83693E-05,"[{'element_size': 44, 'element_count': 44, 'units_count': 50, 'reconfig': [], 'vdp_type': 'MAM', 'name': 'MAM', 'accelerator_type': 'DIGITAL', 'precision': 1, 'bitrate': 1, 'batch_size': 1, 'dataflow': 'OS', 'reduction_type': 'ST_Tree_Ac'}]",797399436.7,3581386.339,0.032935937,978.2401605,887.808,98.304,887.808,98.304,887.808,98.304,0.032935937
MAM,MobileNet_V2,OS,ST_Tree_Ac,22.78114761,6.271248984,0.043895945,2.037603314,1350.874586,1350.964029,12510.68579,3.24923E-05,"[{'element_size': 44, 'element_count': 44, 'units_count': 50, 'reconfig': [], 'vdp_type': 'MAM', 'name': 'MAM', 'accelerator_type': 'DIGITAL', 'precision': 1, 'bitrate': 1, 'batch_size': 1, 'dataflow': 'OS', 'reduction_type': 'ST_Tree_Ac'}]",823300496.5,3689329.888,0.034203252,1015.881041,1109.76,122.88,1109.76,122.88,1109.76,122.88,0.034203252
MAM,GoogLeNet,IS,STIFT,2.818269338,2.074488416,0.35482769,0.478035475,1350.874586,1351.044206,12510.68579,0.000262632,"[{'element_size': 44, 'element_count': 44, 'units_count': 50, 'reconfig': [], 'vdp_type': 'MAM', 'name': 'MAM', 'accelerator_type': 'DIGITAL', 'precision': 1, 'bitrate': 1, 'batch_size': 1, 'dataflow': 'IS', 'reduction_type': 'STIFT'}]",108132914.6,183853.5294,0.011314213,336.0468476,887.808,98.304,38.148,4.224,887.808,98.304,0.011314213
MAM,ResNet50,IS,STIFT,7.719258301,5.504868369,0.129546125,1.647996569,1350.874586,1351.088078,12510.68579,9.58828E-05,"[{'element_size': 44, 'element_count': 44, 'units_count': 50, 'reconfig': [], 'vdp_type': 'MAM', 'name': 'MAM', 'accelerator_type': 'DIGITAL', 'precision': 1, 'bitrate': 1, 'batch_size': 1, 'dataflow': 'IS', 'reduction_type': 'STIFT'}]",284495567.3,472292.6195,0.030023429,891.7348718,1775.616,196.608,38.148,4.224,1775.616,196.608,0.030023429
MAM,ShuffleNet_V2,IS,STIFT,15.30292602,6.038883851,0.06534698,1.922468585,1350.874586,1351.000214,12510.68579,4.83693E-05,"[{'element_size': 44, 'element_count': 44, 'units_count': 50, 'reconfig': [], 'vdp_type': 'MAM', 'name': 'MAM', 'accelerator_type': 'DIGITAL', 'precision': 1, 'bitrate': 1, 'batch_size': 1, 'dataflow': 'IS', 'reduction_type': 'STIFT'}]",311302386,513318.1687,0.032935937,978.2401605,887.808,98.304,38.148,4.224,887.808,98.304,0.032935937
MAM,MobileNet_V2,IS,STIFT,22.78114761,6.271248984,0.043895945,2.034720455,1350.874586,1350.963902,12510.68579,3.24923E-05,"[{'element_size': 44, 'element_count': 44, 'units_count': 50, 'reconfig': [], 'vdp_type': 'MAM', 'name': 'MAM', 'accelerator_type': 'DIGITAL', 'precision': 1, 'bitrate': 1, 'batch_size': 1, 'dataflow': 'IS', 'reduction_type': 'STIFT'}]",323312049.8,533584.2672,0.034203252,1015.881041,1109.76,122.88,38.148,4.224,1109.76,122.88,0.034203252
MAM,GoogLeNet,WS,STIFT,0.017335077,0.002072416,57.68650535,0.484016881,1350.874586,1378.795828,12510.68579,0.041838323,"[{'element_size': 44, 'element_count': 44, 'units_count': 50, 'reconfig': [], 'vdp_type': 'MAM', 'name': 'MAM', 'accelerator_type': 'DIGITAL', 'precision': 1, 'bitrate': 1, 'batch_size': 1, 'dataflow': 'WS', 'reduction_type': 'STIFT'}]",500964809.1,2663265.881,0.011314213,336.0468476,887.808,98.304,887.808,98.304,39063.552,4325.376,0.011314213
MAM,ResNet50,WS,STIFT,0.046644584,0.005499369,21.43871603,1.663867675,1350.874586,1386.545773,12510.68579,0.015461961,"[{'element_size': 44, 'element_count': 44, 'units_count': 50, 'reconfig': [], 'vdp_type': 'MAM', 'name': 'MAM', 'accelerator_type': 'DIGITAL', 'precision': 1, 'bitrate': 1, 'batch_size': 1, 'dataflow': 'WS', 'reduction_type': 'STIFT'}]",1366545711,7301800.431,0.030023429,891.7348718,1775.616,196.608,1775.616,196.608,78127.104,8650.752,0.030023429
MAM,ShuffleNet_V2,WS,STIFT,0.090059645,0.006032851,11.10375245,1.939878688,1350.874586,1372.414519,12510.68579,0.00809067,"[{'element_size': 44, 'element_count': 44, 'units_count': 50, 'reconfig': [], 'vdp_type': 'MAM', 'name': 'MAM', 'accelerator_type': 'DIGITAL', 'precision': 1, 'bitrate': 1, 'batch_size': 1, 'dataflow': 'WS', 'reduction_type': 'STIFT'}]",1465126695,7795838.465,0.032935937,978.2401605,887.808,98.304,887.808,98.304,39063.552,4325.376,0.032935937
MAM,MobileNet_V2,WS,STIFT,0.132585543,0.006264984,7.542300466,2.052799909,1350.874586,1366.35742,12510.68579,0.005520005,"[{'element_size': 44, 'element_count': 44, 'units_count': 50, 'reconfig': [], 'vdp_type': 'MAM', 'name': 'MAM', 'accelerator_type': 'DIGITAL', 'precision': 1, 'bitrate': 1, 'batch_size': 1, 'dataflow': 'WS', 'reduction_type': 'STIFT'}]",1500984925,7966628.057,0.034203252,1015.881041,1109.76,122.88,1109.76,122.88,48829.44,5406.72,0.034203252
MAM,GoogLeNet,OS,STIFT,2.818269338,2.074488416,0.35482769,0.479017954,1350.874586,1351.044555,12510.68579,0.000262632,"[{'element_size': 44, 'element_count': 44, 'units_count': 50, 'reconfig': [], 'vdp_type': 'MAM', 'name': 'MAM', 'accelerator_type': 'DIGITAL', 'precision': 1, 'bitrate': 1, 'batch_size': 1, 'dataflow': 'OS', 'reduction_type': 'STIFT'}]",341624194.3,1657565.748,0.011314213,336.0468476,887.808,98.304,887.808,98.304,887.808,98.304,0.011314213
MAM,ResNet50,OS,STIFT,7.719258301,5.504868369,0.129546125,1.650560605,1350.874586,1351.08841,12510.68579,9.58828E-05,"[{'element_size': 44, 'element_count': 44, 'units_count': 50, 'reconfig': [], 'vdp_type': 'MAM', 'name': 'MAM', 'accelerator_type': 'DIGITAL', 'precision': 1, 'bitrate': 1, 'batch_size': 1, 'dataflow': 'OS', 'reduction_type': 'STIFT'}]",760657409.9,3477653.362,0.030023429,891.7348718,1775.616,196.608,1775.616,196.608,1775.616,196.608,0.030023429
MAM,ShuffleNet_V2,OS,STIFT,15.30292602,6.038883851,0.06534698,1.925256296,1350.874586,1351.000396,12510.68579,4.83693E-05,"[{'element_size': 44, 'element_count': 44, 'units_count': 50, 'reconfig': [], 'vdp_type': 'MAM', 'name': 'MAM', 'accelerator_type': 'DIGITAL', 'precision': 1, 'bitrate': 1, 'batch_size': 1, 'dataflow': 'OS', 'reduction_type': 'STIFT'}]",797399436.7,3581386.339,0.032935937,978.2401605,887.808,98.304,887.808,98.304,887.808,98.304,0.032935937
MAM,MobileNet_V2,OS,STIFT,22.78114761,6.271248984,0.043895945,2.037603314,1350.874586,1350.964029,12510.68579,3.24923E-05,"[{'element_size': 44, 'element_count': 44, 'units_count': 50, 'reconfig': [], 'vdp_type': 'MAM', 'name': 'MAM', 'accelerator_type': 'DIGITAL', 'precision': 1, 'bitrate': 1, 'batch_size': 1, 'dataflow': 'OS', 'reduction_type': 'STIFT'}]",823300496.5,3689329.888,0.034203252,1015.881041,1109.76,122.88,1109.76,122.88,1109.76,122.88,0.034203252
MAM,GoogLeNet,IS,PCA,2.703030276,2.072623242,0.369955161,0.478035136,1350.874586,1351.051438,12510.68577,0.000273828,"[{'element_size': 44, 'element_count': 44, 'units_count': 50, 'reconfig': [], 'vdp_type': 'MAM', 'name': 'MAM', 'accelerator_type': 'DIGITAL', 'precision': 1, 'bitrate': 10, 'batch_size': 1, 'dataflow': 'IS', 'reduction_type': 'PCA'}]",0,0,0,0,887.808,98.304,38.148,4.224,887.808,98.304,0
MAM,ResNet50,IS,PCA,7.349225849,5.499918937,0.136068753,1.64799567,1350.874586,1351.098827,12510.68577,0.00010071,"[{'element_size': 44, 'element_count': 44, 'units_count': 50, 'reconfig': [], 'vdp_type': 'MAM', 'name': 'MAM', 'accelerator_type': 'DIGITAL', 'precision': 1, 'bitrate': 10, 'batch_size': 1, 'dataflow': 'IS', 'reduction_type': 'PCA'}]",0,0,0,0,1775.616,196.608,38.148,4.224,1775.616,196.608,0
MAM,ShuffleNet_V2,IS,PCA,14.48321718,6.033454285,0.069045433,1.922467598,1350.874586,1351.007324,12510.68577,5.11066E-05,"[{'element_size': 44, 'element_count': 44, 'units_count': 50, 'reconfig': [], 'vdp_type': 'MAM', 'name': 'MAM', 'accelerator_type': 'DIGITAL', 'precision': 1, 'bitrate': 10, 'batch_size': 1, 'dataflow': 'IS', 'reduction_type': 'PCA'}]",0,0,0,0,887.808,98.304,38.148,4.224,887.808,98.304,0
MAM,MobileNet_V2,IS,PCA,21.45851264,6.265610498,0.046601552,2.03471943,1350.874586,1350.969407,12510.68577,3.44949E-05,"[{'element_size': 44, 'element_count': 44, 'units_count': 50, 'reconfig': [], 'vdp_type': 'MAM', 'name': 'MAM', 'accelerator_type': 'DIGITAL', 'precision': 1, 'bitrate': 10, 'batch_size': 1, 'dataflow': 'IS', 'reduction_type': 'PCA'}]",0,0,0,0,1109.76,122.88,38.148,4.224,1109.76,122.88,0
MAM,GoogLeNet,WS,PCA,0.000275521,0.000207242,3629.488725,0.478031659,1350.874586,3085.885102,12510.68577,1.176158089,"[{'element_size': 44, 'element_count': 44, 'units_count': 50, 'reconfig': [], 'vdp_type': 'MAM', 'name': 'MAM', 'accelerator_type': 'DIGITAL', 'precision': 1, 'bitrate': 10, 'batch_size': 1, 'dataflow': 'WS', 'reduction_type': 'PCA'}]",0,0,0,0,887.808,98.304,887.808,98.304,39063.552,4325.376,0
MAM,ResNet50,WS,PCA,0.000735208,0.000549937,1360.159857,1.647985274,1350.874586,3592.398,12510.68577,0.378621705,"[{'element_size': 44, 'element_count': 44, 'units_count': 50, 'reconfig': [], 'vdp_type': 'MAM', 'name': 'MAM', 'accelerator_type': 'DIGITAL', 'precision': 1, 'bitrate': 10, 'batch_size': 1, 'dataflow': 'WS', 'reduction_type': 'PCA'}]",0,0,0,0,1775.616,196.608,1775.616,196.608,78127.104,8650.752,0
MAM,ShuffleNet_V2,WS,PCA,0.001410234,0.000603285,709.1024288,1.922455568,1350.874586,2714.092499,12510.68577,0.261266861,"[{'element_size': 44, 'element_count': 44, 'units_count': 50, 'reconfig': [], 'vdp_type': 'MAM', 'name': 'MAM', 'accelerator_type': 'DIGITAL', 'precision': 1, 'bitrate': 10, 'batch_size': 1, 'dataflow': 'WS', 'reduction_type': 'PCA'}]",0,0,0,0,887.808,98.304,887.808,98.304,39063.552,4325.376,0
MAM,MobileNet_V2,WS,PCA,0.002070765,0.000626498,482.9132728,2.03470638,1350.874586,2333.461303,12510.68577,0.206951481,"[{'element_size': 44, 'element_count': 44, 'units_count': 50, 'reconfig': [], 'vdp_type': 'MAM', 'name': 'MAM', 'accelerator_type': 'DIGITAL', 'precision': 1, 'bitrate': 10, 'batch_size': 1, 'dataflow': 'WS', 'reduction_type': 'PCA'}]",0,0,0,0,1109.76,122.88,1109.76,122.88,48829.44,5406.72,0
MAM,GoogLeNet,OS,PCA,2.703030276,2.072623242,0.369955161,0.479017615,1350.874586,1351.051801,12510.68577,0.000273828,"[{'element_size': 44, 'element_count': 44, 'units_count': 50, 'reconfig': [], 'vdp_type': 'MAM', 'name': 'MAM', 'accelerator_type': 'DIGITAL', 'precision': 1, 'bitrate': 10, 'batch_size': 1, 'dataflow': 'OS', 'reduction_type': 'PCA'}]",0,0,0,0,887.808,98.304,887.808,98.304,887.808,98.304,0
MAM,ResNet50,OS,PCA,7.349225849,5.499918937,0.136068753,1.650559706,1350.874586,1351.099176,12510.68577,0.00010071,"[{'element_size': 44, 'element_count': 44, 'units_count': 50, 'reconfig': [], 'vdp_type': 'MAM', 'name': 'MAM', 'accelerator_type': 'DIGITAL', 'precision': 1, 'bitrate': 10, 'batch_size': 1, 'dataflow': 'OS', 'reduction_type': 'PCA'}]",0,0,0,0,1775.616,196.608,1775.616,196.608,1775.616,196.608,0
MAM,ShuffleNet_V2,OS,PCA,14.48321718,6.033454285,0.069045433,1.925255309,1350.874586,1351.007516,12510.68577,5.11066E-05,"[{'element_size': 44, 'element_count': 44, 'units_count': 50, 'reconfig': [], 'vdp_type': 'MAM', 'name': 'MAM', 'accelerator_type': 'DIGITAL', 'precision': 1, 'bitrate': 10, 'batch_size': 1, 'dataflow': 'OS', 'reduction_type': 'PCA'}]",0,0,0,0,887.808,98.304,887.808,98.304,887.808,98.304,0
MAM,MobileNet_V2,OS,PCA,21.45851264,6.265610498,0.046601552,2.037602289,1350.874586,1350.969541,12510.68577,3.44949E-05,"[{'element_size': 44, 'element_count': 44, 'units_count': 50, 'reconfig': [], 'vdp_type': 'MAM', 'name': 'MAM', 'accelerator_type': 'DIGITAL', 'precision': 1, 'bitrate': 10, 'batch_size': 1, 'dataflow': 'OS', 'reduction_type': 'PCA'}]",0,0,0,0,1109.76,122.88,1109.76,122.88,1109.76,122.88,0
